{"cameraMode":{"drawMode":2,"name":"Shaded Wireframe","section":"Shading Mode"},"sceneLighting":true,"audioPlay":false,"sceneViewState":{"m_AlwaysRefresh":false,"showFog":true,"showSkybox":true,"showFlares":true,"showImageEffects":true,"showParticleSystems":true,"showVisualEffectGraphs":true,"m_FxEnabled":true},"in2DMode":false,"pivot":{"x":-0.07340307533740998,"y":13.41561222076416,"z":0.5325117111206055},"rotation":{"x":0.12268491834402085,"y":-0.008931863121688366,"z":0.0011041905963793398,"w":0.9924018979072571},"size":0.8660253882408142,"orthographic":false}